"Minor.Injury","Serious.Injury","Fatal.Injury"
-0.029011290739777,0.0237506518266372,0.0052606389131398
-0.0974156018233633,0.0797511583383901,0.0176644434849732
0.00317426587492567,-0.0025986738844807,-0.00057559199044496
0.115597848466997,-0.0946364046837688,-0.0209614437832281
0.115638919126484,-0.0946700279700443,-0.0209688911564395
0.101689062199191,-0.0832497089679234,-0.0184393532312679
